ID,Frequency
F000372,2440
F000417,2330
F000497,2150
F000501,2146
F000563,2044
F000580,2020
F000594,2000
F000611,1983
F000617,1962
F000683,1908
F000677,1884
F000714,1848
F000728,1836
F000760,1804
F000781,1790
F000780,1790
F000799,1772
F000818,1756
F000845,1726
F000860,1714
F000925,1664
F000916,1663
F000990,1622
F000998,1620
F001033,1598
F001047,1584
F001093,1576
F001087,1564
F001089,1562
F001238,1508
F001191,1500
F001218,1490
F001224,1486
F001306,1454
F001373,1424
F001372,1424
F001476,1376
F001493,1366
F001497,1366
F001571,1338
F001626,1322
F001646,1316
F001627,1315
F001667,1314
F001612,1311
F001750,1284
F001765,1277
F001784,1270
F001778,1262
F001816,1260
F001890,1260
F001870,1248
F001899,1240
F001927,1235
F001912,1234
F001940,1228
F001963,1224
F001980,1219
F001999,1214
F002008,1212
F002006,1210
F002150,1180
F002133,1177
F002161,1176
F002207,1166
F002266,1165
F002234,1158
F002263,1154
F002325,1142
F002312,1142
F002341,1138
F002338,1138
F002354,1134
F002368,1132
F002439,1118
F002500,1113
F002498,1110
F002477,1110
F002499,1106
F002669,1102
F002514,1102
F002559,1096
F002615,1086
F002628,1084
F002809,1082
F002675,1076
F002700,1072
F002755,1064
F002813,1056
F002861,1050
F002896,1049
F002983,1049
F002958,1044
F002925,1040
F002922,1039
F002975,1039
F002941,1035
F002993,1028
F003037,1022
F003096,1022
F003082,1016
F003063,1015
F003152,1014
F003098,1014
F003128,1012
F003136,1010
F003115,1008
F003181,1004
F003205,1002
F003285,992
F003415,991
F003350,988
F003314,988
F003305,988
F003342,986
F003391,978
F003392,978
F003460,973
F003590,971
F003458,970
F003554,970
F003477,968
F003509,964
F003541,960
F003600,955
F003632,952
F003697,947
F003692,946
F004048,943
F003746,941
F003840,931
F003853,930
F003864,928
F003914,924
F003996,916
F003987,916
F003985,913
F004035,912
F004029,912
F004089,906
F004111,904
F004132,902
F004152,900
F004156,900
F004190,898
F004240,894
F004298,890
F004309,888
F004426,886
F004339,886
F004341,884
F004367,882
F004395,880
F004387,880
F004383,880
F004423,878
F004469,875
F004454,874
F004459,874
F004360,870
F004536,868
F004784,846
F004749,843
F004842,842
F004779,841
F004763,839
F004897,838
F004922,836
F004946,834
F005054,833
F005235,833
F004989,832
F004971,832
F005017,830
F005205,829
F005111,822
F005173,818
F005203,816
F005204,816
F005227,814
F005233,814
F005236,814
F005263,812
F005276,811
F005305,810
F005316,810
F005875,807
F005345,806
F005357,806
F005447,804
F005700,804
F005336,802
F005490,798
F005497,798
F005683,796
F005527,794
F005560,792
F005614,790
F005593,790
F005637,788
F005627,788
F005684,786
F005907,786
F005698,784
F005715,784
F005722,784
F005787,780
F005777,780
F005808,778
F005837,778
F005776,777
F005851,776
F005854,776
F005883,774
F005902,772
F005950,770
F005963,770
F005954,770
F005979,768
F005999,768
F005976,768
F006027,766
F006022,766
F006058,764
F006078,764
F006552,759
F006181,758
F006179,757
F006382,757
F006213,756
F006236,756
F006299,752
F006329,752
F006309,752
F006306,752
F006340,750
F006374,750
F006364,750
F006410,748
F006343,747
F006423,746
F006453,746
F006466,744
F006475,744
F006485,744
F006487,744
F006898,742
F006575,740
F006559,740
F006604,738
F006609,738
F006605,738
F006598,738
F006583,736
F006680,734
F006705,733
F007216,731
F006850,726
F006767,726
F006858,726
F007090,724
F006887,724
F006925,724
F006942,722
F006839,722
F006956,722
F007128,722
F007065,716
F007071,716
F007078,716
F006852,716
F007642,716
F007105,714
F007107,714
F007121,714
F007153,714
F007231,710
F007213,710
F007209,710
F007215,710
F007303,707
F007302,706
F006636,706
F007370,704
F007411,702
F007573,701
F007482,700
F007487,700
F007643,700
F007600,696
F007651,695
F007672,694
F007676,692
F007773,690
F007853,686
F007850,686
F007880,686
F007851,686
F007949,684
F007915,684
F007903,684
F008008,682
F007967,682
F008020,680
F008012,680
F008075,678
F008068,678
F007928,678
F008155,676
F008145,676
F008157,676
F008127,676
F008168,676
F008125,676
F008217,674
F008219,674
F008250,672
F008486,671
F008290,670
F008301,670
F008355,668
F008369,668
F008445,666
F008422,666
F008412,666
F008498,664
F008485,664
F008543,662
F008576,662
F008606,660
F008609,660
F008610,660
F008300,660
F008682,658
F008708,658
F008768,656
F008773,656
F008802,654
F008873,652
F008864,652
F008892,652
F008901,652
F008913,652
F008949,650
F008967,650
F008939,650
F008989,648
F008999,648
F009011,648
F009061,646
F009076,646
F009059,646
F009387,645
F009115,644
F009129,644
F009132,644
F009133,644
F009237,642
F009223,642
F009255,640
F009257,640
F009256,640
F009677,638
F009367,638
F009364,638
F009342,638
F009323,638
F009321,638
F009414,636
F009408,636
F009405,636
F009392,636
F009488,634
F009566,632
F009657,630
F009656,630
F009595,629
F009672,628
F009674,628
F009732,626
F009776,626
F009739,626
F009738,626
F009130,625
F009676,624
F009793,624
F009913,622
F009986,620
F009951,620
F009950,620
F010056,618
F010021,618
F010063,618
F010022,618
F010038,618
F013994,616
F009574,616
F010099,616
F010126,616
F010168,614
F010193,614
F010205,614
F010272,612
F010903,612
F010242,612
F010312,610
F010354,610
F010388,608
F010455,606
F010478,606
F010513,606
F010154,604
F010640,602
F010662,600
F010715,600
F010757,598
F010756,598
F010937,597
F010857,596
F010820,596
F010949,594
F010906,594
F011246,592
F011029,592
F011016,592
F011288,590
F011112,590
F011097,590
F011072,590
F011089,589
F011156,588
F011287,584
F011289,584
F011360,582
F011377,582
F011379,582
F011380,582
F011427,582
F011545,580
F011478,580
F011479,580
F011480,580
F011481,580
F011590,578
F011654,577
F011652,576
F011639,576
F011573,576
F011854,572
F011880,572
F011857,572
F011874,572
F011894,572
F012762,571
F012145,571
F011984,570
F012009,568
F012006,568
F012063,568
F012007,568
F012102,566
F012125,566
F012106,566
F012121,566
F012764,565
F012224,564
F012278,564
F012279,564
F012289,564
F012209,564
F012292,564
F012005,564
F012201,564
F012333,562
F013352,562
F012374,562
F012383,562
F012402,562
F012414,562
F012359,562
F012462,561
F012397,561
F013747,561
F012444,560
F012473,560
F012566,560
F012509,560
F012517,560
F012537,560
F012471,559
F012564,558
F012604,558
F012563,558
F012766,557
F012651,556
F012492,556
F012664,556
F012730,556
F012835,554
F012829,554
F014278,552
F012855,552
F012856,552
F013075,550
F012994,550
F013009,550
F013020,550
F013096,548
F013155,548
F013076,548
F013074,548
F013073,548
F013095,548
F013170,546
F013190,546
F013191,546
F013198,546
F013242,546
F013177,546
F013508,545
F013280,544
F013282,544
F013287,544
F013337,544
F012354,543
F013894,543
F013400,542
F013441,542
F013457,542
F013622,542
F013401,542
F013997,539
F013613,538
F013623,538
F013625,538
F013627,538
F013649,538
F013689,538
F013718,538
F013745,536
F013746,536
F013764,536
F013739,536
F013802,536
F014057,535
F013954,534
F014126,533
F014009,532
F014035,532
F014000,532
F013983,532
F014049,532
F014113,530
F014110,530
F014106,530
F014333,528
F014244,528
F015712,528
F014247,528
F014350,526
F015322,526
F014430,526
F014371,526
F014369,526
F014368,526
F014551,524
F014491,524
F014490,524
F014601,522
F014680,522
F014959,522
F015170,521
F014713,520
F014787,520
F014730,520
F014927,518
F014881,518
F014856,518
F015012,516
F014967,516
F015025,516
F014936,516
F015074,514
F015116,514
F015196,512
F015278,512
F015265,512
F015257,512
F015197,512
F015192,512
F015189,512
F015319,510
F015348,510
F015350,510
F015753,509
F016135,509
F015516,508
F015376,506
F015888,506
F015579,506
F015679,506
F015715,504
F015738,504
F015814,504
F015713,504
F015711,504
F015708,504
F015693,504
F015768,503
F016129,502
F015844,502
F015862,502
F015955,500
F016053,500
F016055,500
F015984,500
F016054,500
F016024,500
F016134,498
F016130,498
F016136,498
F016171,498
F016137,498
F016179,498
F016187,498
F015245,497
F016310,496
F016256,496
F016387,494
F016383,494
F016481,494
F016471,494
F016439,494
F016438,494
F016422,494
F016394,494
F016350,494
F016382,494
F016384,494
F016558,492
F016544,492
F016578,492
F016873,491
F016650,490
F016652,490
F016133,489
F016787,488
F016790,488
F016793,488
F017398,488
F017113,486
F017064,486
F017022,486
F016993,486
F016955,486
F016951,486
F016919,486
F017168,484
F017116,484
F017117,484
F017200,484
F017245,484
F017396,482
F017329,482
F017423,482
F017410,482
F017269,482
F016883,481
F017459,480
F017460,480
F017464,480
F013650,479
F017615,478
F017721,478
F017804,478
F017668,478
F017637,478
F017585,478
F017681,478
F018027,477
F018788,476
F018514,476
F017851,476
F017852,476
F017867,476
F017897,476
F017924,476
F018029,474
F018097,474
F018040,474
F018028,474
F017805,474
F017981,474
F018154,472
F018153,472
F018143,472
F018144,472
F018244,472
F018888,472
F019351,471
F018336,470
F018304,470
F018386,470
F018253,470
F018378,470
F021640,469
F018594,468
F018523,468
F018536,468
F018557,468
F018608,468
F018635,468
F018000,467
F018746,466
F018784,466
F018778,466
F018813,466
F018663,466
F019109,465
F018893,465
F018894,464
F018901,464
F018942,464
F018944,464
F018956,464
F018960,464
F018985,464
F019015,464
F018512,463
F019112,462
F019229,462
F019111,462
F019108,462
F019353,460
F019354,460
F019293,460
F019296,460
F019369,460
F019298,460
F018886,460
F019226,459
F019445,458
F019451,458
F019460,458
F021082,458
F018898,458
F019999,457
F019548,457
F019689,456
F019705,456
F019810,454
F019844,454
F020149,454
F020014,452
F020112,452
F020088,452
F020050,452
F019975,452
F019984,452
F019983,452
F019980,452
F019979,452
F020133,450
F020152,450
F020264,450
F020330,450
F021319,448
F020326,448
F020335,448
F020441,448
F020574,446
F019890,446
F020508,446
F020515,446
F020599,446
F020579,446
F020586,446
F020629,446
F020655,446
F020673,446
F019981,445
F020944,444
F020766,444
F020727,444
F021074,444
F020715,444
F020671,444
F022169,442
F021013,442
F020937,442
F020953,442
F021075,440
F021133,440
F021081,440
F021439,438
F021281,438
F023072,438
F021364,438
F021232,438
F021283,438
F021279,438
F021274,437
F021459,436
F021496,436
F021508,436
F021658,436
F022626,436
F021803,434
F021728,434
F021819,434
F021739,434
F021748,434
F021946,432
F021950,432
F021953,432
F022383,432
F022055,432
F022058,432
F022119,432
F021727,431
F020633,431
F022171,430
F021954,430
F022278,430
F022166,430
F022369,429
F022381,428
F022388,428
F022432,428
F022442,428
F022453,428
F022380,428
F022905,426
F022666,426
F022749,426
F022991,424
F023006,424
F022900,424
F022852,424
F023250,422
F023021,422
F023054,422
F023123,422
F023131,422
F023231,422
F023246,422
F023304,420
F023308,420
F023307,420
F023306,420
F023303,420
F022617,419
F023077,419
F021085,419
F023691,418
F023635,418
F023506,418
F023714,418
F023557,418
F023559,418
F023605,418
F023608,418
F023715,418
F023620,418
F023624,418
F023901,418
F024084,417
F023796,416
F023903,416
F023823,416
F023820,416
F023817,416
F023811,416
F023810,416
F023799,416
F024001,416
F024902,415
F024139,414
F024018,414
F024262,414
F024075,413
F024353,412
F024274,412
F024389,412
F024439,412
F024383,412
F024682,410
F024611,410
F024514,410
F024516,410
F023316,410
F024452,410
F024521,410
F024519,410
F020931,409
F024752,408
F024911,408
F024510,408
F024764,408
F024813,408
F024738,407
F024925,406
F025003,406
F025141,406
F025108,406
F024942,406
F025056,406
F025020,406
F025092,406
F025002,406
F024998,406
F024995,406
F024527,406
F024988,406
F025089,406
F024210,405
F025249,404
F025314,404
F025341,404
F025343,404
F025386,404
F025468,402
F025622,402
F025571,402
F025449,402
F025455,402
F026969,402
F025653,400
F025705,400
F025867,400
F025734,400
F025714,400
F025965,400
F025706,400
F025704,400
F025703,400
F025913,398
F025956,398
F026083,398
F025702,397
F026656,397
F026237,396
F026187,396
F026236,396
F026198,396
F026280,396
F026282,396
F026319,396
F026395,396
F025062,395
F026521,394
F026689,394
F026678,394
F026636,394
F026602,394
F026530,394
F026715,394
F026708,394
F026516,394
F026902,392
F026911,392
F027031,392
F026919,392
F026777,392
F027029,392
F027047,392
F026921,392
F026836,392
F026944,392
F027066,392
F027009,392
F026235,391
F027149,390
F027203,390
F027322,390
F027130,390
F031444,389
F028139,389
F027466,388
F027474,388
F027389,388
F027454,388
F027696,388
F027476,388
F027526,388
F027604,388
F027621,388
F027639,388
F027646,388
F027650,388
F027456,388
F027694,388
F027460,388
F027950,386
F027787,386
F027798,386
F027957,386
F027791,386
F027789,386
F027993,386
F028036,386
F028125,385
F028223,384
F028185,384
F028134,384
F028082,384
F028081,384
F028054,384
F028268,384
F028218,384
F031429,383
F028490,382
F028472,382
F028546,382
F028637,382
F028663,382
F028467,382
F028468,382
F028476,382
F028542,382
F028798,380
F028916,380
F028763,380
F028751,380
F028703,380
F028750,380
F029235,378
F029242,378
F029236,378
F029279,378
F029209,378
F029070,378
F029195,378
F029181,378
F028471,378
F029003,378
F029064,378
F029067,378
F029079,378
F029376,377
F029354,376
F029485,376
F029504,376
F031394,375
F030035,375
F029783,374
F029940,374
F029697,374
F029700,374
F029808,374
F029702,374
F029708,374
F029922,374
F029929,374
F029866,374
F029817,374
F029770,374
F027803,373
F029984,372
F030214,372
F031430,372
F030024,372
F030146,372
F030039,372
F029996,372
F030393,370
F030392,370
F030380,370
F030546,370
F030484,370
F030612,370
F030606,370
F029068,369
F027469,369
F030724,368
F030711,368
F030742,368
F030676,368
F030713,368
F030680,368
F030720,368
F030706,368
F030717,368
F030234,367
F031307,366
F031308,366
F031306,366
F031282,366
F031264,366
F031244,366
F031140,366
F031050,366
F031041,366
F030967,366
F031422,365
F031383,364
F031428,364
F031414,364
F031412,364
F031366,364
F031433,364
F031535,364
F031554,364
F031555,364
F031656,364
F031443,364
F032176,363
F031962,362
F032592,362
F032094,362
F032001,362
F031436,362
F031925,362
F031906,362
F031837,362
F031822,362
F031287,361
F032226,361
F032209,360
F032236,360
F032289,360
F032323,360
F032392,360
F032413,360
F030640,360
F032684,358
F032864,358
F032868,358
F032670,358
F032853,358
F032852,358
F032810,358
F032715,358
F032712,358
F032596,358
F032621,358
F032702,358
F032876,358
F034866,357
F037152,357
F032948,356
F032903,356
F032015,356
F032965,356
F032966,356
F032967,356
F032969,356
F032984,356
F033186,356
F033347,354
F032216,354
F033275,354
F033343,354
F033395,354
F033484,354
F033563,354
F033389,354
F033616,354
F033644,354
F033386,354
F033646,354
F033382,354
F033662,352
F033996,352
F030710,352
F033857,352
F033736,352
F033735,352
F033669,352
F034062,350
F034380,350
F034259,350
F034217,350
F034133,350
F034130,350
F034128,350
F034125,350
F034090,350
F034120,350
F034741,348
F034616,348
F034529,348
F034520,348
F034494,348
F034511,348
F034527,348
F034516,348
F030029,347
F034805,346
F031537,346
F034803,346
F034794,346
F034800,346
F034532,346
F034984,346
F034976,346
F034870,346
F034521,345
F035558,344
F035513,344
F035552,344
F035508,344
F035456,344
F035356,344
F035352,344
F035252,344
F035243,344
F035237,344
F035230,344
F035435,344
F035981,342
F034880,342
F036630,342
F035964,342
F035910,342
F035691,342
F035697,342
F035699,342
F035785,342
F035822,342
F035827,342
F035868,342
F035712,341
F035245,341
F034137,340
F036061,340
F039798,340
F032752,340
F036497,340
F036057,340
F036493,340
F036305,340
F036103,340
F036139,340
F036171,340
F036183,340
F036188,340
F036253,340
F036283,340
F036300,340
F036302,340
F036177,340
F036378,340
F036314,340
F036703,338
F036589,338
F036617,338
F037356,338
F036563,338
F036636,338
F036940,338
F036906,338
F036713,338
F036644,338
F036661,338
F036522,338
F036634,337
F025000,337
F037407,336
F037156,336
F037287,336
F037119,336
F036998,336
F037139,336
F038167,335
F038000,334
F038879,334
F037658,334
F037662,334
F037613,334
F037660,334
F037925,334
F037907,334
F037804,334
F037787,334
F037770,334
F038042,332
F038044,332
F038176,332
F038177,332
F038182,332
F038276,332
F038367,332
F038387,332
F038404,332
F038454,332
F035251,332
F038080,332
F034881,331
F037669,331
F038615,331
F038503,330
F038622,330
F038920,330
F038748,330
F038746,330
F038745,330
F038698,330
F038700,330
F038616,330
F038612,330
F038566,330
F038537,330
F038536,330
F038519,330
F039071,328
F040986,328
F033871,328
F039213,328
F039209,328
F039206,328
F039075,328
F039073,328
F039072,328
F039210,328
F039070,328
F039063,328
F039030,328
F038947,328
F039068,328
F038877,327
F039574,326
F039567,326
F039458,326
F039542,326
F039548,326
F039549,326
F039560,326
F041675,325
F042920,324
F039914,324
F039930,324
F040036,324
F040045,324
F040068,324
F040258,324
F040400,324
F041112,324
F040019,324
F037888,324
F040679,322
F040834,322
F040812,322
F040754,322
F040697,322
F040544,322
F040657,322
F040610,322
F040575,322
F040560,322
F040435,322
F040844,322
F040841,322
F040942,322
F040846,322
F040879,322
F041118,322
F042106,321
F040558,321
F041247,320
F041395,320
F041385,320
F041287,320
F041122,320
F041114,320
F041100,320
F041084,320
F041826,318
F042002,318
F042001,318
F041867,318
F041856,318
F041835,318
F041660,318
F041668,318
F041645,318
F041592,318
F041551,318
F041299,318
F042272,317
F042470,316
F042655,316
F042599,316
F042557,316
F042547,316
F042526,316
F042520,316
F042476,316
F042273,316
F042438,316
F042263,316
F042235,316
F042251,316
F042144,316
F042270,316
F042407,316
F042398,316
F042938,315
F042692,314
F042954,314
F041682,314
F042989,314
F043325,312
F043581,312
F043481,312
F043480,312
F043453,312
F043275,312
F043324,312
F043314,312
F043305,312
F043203,312
F043873,312
F042958,312
F043658,312
F040039,311
F040033,311
F043770,310
F043801,310
F043805,310
F043826,310
F044129,310
F044033,310
F044017,310
F043988,310
F043853,310
F045182,310
F040556,310
F043868,310
F044522,308
F044469,308
F044399,308
F044379,308
F044714,308
F044747,308
F067220,307
F044223,307
F045789,307
F045448,306
F045865,306
F045005,306
F045034,306
F052494,306
F042818,306
F045315,306
F045356,306
F044942,306
F045414,306
F045037,306
F045124,306
F042826,304
F045649,304
F045510,304
F045596,304
F045636,304
F045637,304
F040037,304
F045646,304
F045677,304
F045986,304
F045695,304
F045509,304
F045782,304
F045886,304
F045190,303
F043551,303
F048203,303
F045650,302
F046278,302
F049534,302
F046714,302
F046567,302
F046439,302
F046348,302
F046305,302
F046297,302
F046293,302
F046270,302
F047594,300
F047387,300
F047394,300
F041834,300
F047081,300
F047186,300
F046889,300
F046931,300
F046926,300
F046891,300
F047119,300
F046938,300
F046932,300
F046954,300
F045010,300
F046963,300
F046965,300
F046870,300
F046804,300
F047713,298
F047999,298
F047914,298
F047810,298
F047754,298
F047735,298
F047725,298
F048013,298
F047698,298
F047535,298
F041702,298
F047432,298
F047486,298
F047615,298
F047488,298
F047438,298
F047561,298
F047597,298
F047612,298
F047605,298
F047600,298
F049053,297
F048900,297
F048823,297
F048126,296
F048144,296
F048033,296
F048680,296
F048623,296
F048557,296
F048456,296
F048407,296
F048397,296
F048390,296
F048384,296
F048346,296
F048226,296
F048040,296
F048447,296
F048128,296
F048217,296
F048215,296
F048077,296
F048208,296
F048207,296
F048201,296
F048188,296
F048149,296
F048212,296
F047749,295
F056347,295
F042822,295
F049060,294
F048824,294
F048885,294
F048875,294
F049016,294
F049309,294
F048862,294
F049180,294
F048874,294
F048795,294
F049136,294
F049124,294
F048734,294
F049082,294
F048866,293
F049734,292
F049929,292
F049881,292
F049803,292
F049687,292
F049706,292
F049693,292
F049546,292
F049520,292
F049365,292
F049998,292
F042246,292
F051039,291
F050777,290
F050716,290
F048607,290
F050656,290
F049511,290
F050157,290
F050245,290
F050177,290
F050382,290
F050429,290
F050466,290
F050470,290
F050488,290
F050642,290
F051488,288
F064543,288
F050252,288
F049524,288
F051572,288
F051526,288
F050838,288
F051446,288
F051168,288
F051098,288
F051053,288
F051031,288
F051026,288
F051005,288
F051033,288
F049587,287
F051012,287
F051776,286
F051842,286
F051905,286
F051977,286
F052024,286
F052027,286
F052088,286
F052090,286
F052138,286
F052238,286
F052244,286
F052280,286
F057190,286
F055637,286
F050273,285
F049182,285
F052828,284
F046734,284
F052371,284
F052326,284
F052498,284
F052334,284
F052763,284
F052499,284
F052405,284
F052516,284
F052437,284
F052708,284
F052648,284
F052631,284
F052595,284
F052571,284
F052527,284
F052525,284
F052402,284
F053020,283
F052324,283
F058039,283
F057186,282
F053662,282
F053661,282
F053282,282
F053519,282
F053421,282
F053319,282
F053174,282
F053201,282
F053171,282
F053170,282
F053163,282
F053031,282
F053037,282
F053116,282
F053161,282
F053179,282
F053159,282
F051034,281
F054016,280
F044394,280
F054136,280
F054074,280
F054063,280
F053949,280
F053955,280
F053952,280
F053938,280
F053878,280
F053838,280
F053775,280
F054337,280
F054240,280
F054339,280
F054455,280
F054450,280
F058020,279
F054946,278
F054769,278
F055120,278
F054975,278
F054951,278
F054949,278
F046952,278
F054938,278
F054848,278
F055123,278
F054497,278
F054745,278
F054748,278
F054603,278
F054741,278
F054720,278
F054534,278
F055804,276
F055771,276
F055749,276
F055698,276
F055638,276
F055603,276
F055624,276
F055587,276
F055584,276
F055526,276
F055485,276
F055483,276
F055399,276
F055367,276
F055777,276
F055366,276
F055778,276
F056117,276
F056130,276
F056181,276
F056509,274
F056863,274
F056742,274
F056690,274
F056923,274
F056685,274
F058896,274
F056472,274
F056891,274
F056454,274
F056385,274
F056380,274
F056269,274
F056884,274
F055833,273
F057254,272
F057251,272
F057659,272
F057655,272
F057496,272
F057493,272
F057473,272
F057463,272
F057257,272
F057244,272
F057233,272
F057184,272
F057182,272
F057150,272
F057149,272
F057079,272
F057053,272
F057028,272
F062531,271
F057917,270
F057970,270
F057824,270
F057825,270
F058248,270
F058043,270
F058010,270
F058259,270
F057437,270
F058384,270
F056439,270
F053190,269
F058886,269
F058721,268
F058887,268
F059418,268
F058320,268
F059350,268
F059336,268
F059268,268
F059130,268
F059095,268
F058921,268
F058901,268
F059487,268
F058780,268
F058861,268
F058859,268
F058858,268
F058600,268
F058833,268
F058825,268
F058786,268
F059489,268
F058863,268
F059426,268
F058040,267
F059569,266
F060367,266
F060084,266
F060065,266
F060461,266
F060045,266
F060000,266
F059938,266
F059923,266
F059850,266
F059841,266
F059835,266
F060181,266
F059834,266
F059828,266
F059803,266
F059802,266
F059725,266
F059646,266
F059633,266
F059607,266
F059606,266
F060366,266
F060323,266
F063767,265
F060631,264
F061014,264
F061240,264
F060801,264
F060548,264
F060553,264
F060559,264
F060564,264
F060599,264
F061258,264
F060682,264
F060788,264
F061224,264
F060947,264
F060999,264
F066912,263
F058027,263
F061879,262
F061823,262
F061754,262
F061920,262
F062600,262
F059848,262
F061431,262
F061707,262
F063565,262
F061729,262
F062246,262
F061726,262
F061500,262
F061697,262
F061686,262
F061566,262
F061489,262
F061481,262
F061718,262
F061716,262
F061698,262
F062610,260
F062985,260
F062977,260
F062844,260
F062832,260
F062655,260
F062629,260
F062885,260
F062608,260
F062468,260
F062333,260
F062402,260
F062599,260
F062435,260
F062827,260
F062489,260
F062527,260
F053926,259
F064119,259
F063878,258
F063807,258
F063775,258
F063598,258
F063846,258
F063920,258
F063545,258
F063557,258
F063925,258
F063532,258
F063509,258
F063375,258
F063273,258
F063501,258
F064214,258
F064013,258
F064078,258
F063818,258
F064175,258
F066115,258
F063812,258
F064019,258
F064600,258
F065589,257
F065016,256
F064689,256
F065251,256
F065210,256
F065192,256
F065588,256
F064855,256
F064827,256
F064816,256
F064732,256
F064602,256
F064569,256
F064568,256
F064566,256
F064565,256
F064438,256
F064555,256
F064454,256
F059386,256
F063697,255
F063542,255
F065995,254
F066029,254
F065969,254
F065650,254
F066218,254
F064244,254
F065906,254
F065615,254
F065905,254
F065627,254
F065626,254
F066084,254
F065904,254
F065609,254
F065604,254
F065594,254
F065579,254
F065496,254
F065457,254
F065455,254
F065660,254
F065452,254
F065377,254
F065369,254
F060802,254
F060746,253
F070622,252
F066841,252
F066668,252
F067175,252
F067150,252
F067085,252
F067062,252
F066967,252
F066899,252
F066857,252
F066839,252
F066796,252
F066747,252
F066794,252
F066660,252
F066655,252
F066638,252
F066553,252
F066493,252
F066384,252
F066374,252
F066349,252
F066343,252
F066299,252
F066628,251
F067585,251
F067682,250
F067919,250
F067886,250
F067703,250
F068111,250
F067656,250
F067599,250
F068204,250
F067500,250
F068115,250
F067458,250
F066619,248
F068659,248
F068308,248
F068337,248
F068363,248
F068393,248
F068419,248
F068446,248
F068470,248
F068505,248
F068525,248
F068530,248
F068545,248
F068551,248
F068670,248
F068928,248
F068930,248
F068943,248
F068970,248
F068993,248
F069006,248
F069039,248
F069063,248
F069137,248
F069309,248
F069318,248
F069463,248
F069480,248
F068678,247
F070932,247
F074722,247
F070404,246
F069956,246
F070698,246
F070508,246
F070484,246
F070374,246
F070294,246
F070269,246
F070180,246
F069979,246
F069957,246
F068646,246
F069538,246
F069544,246
F069586,246
F069587,246
F069616,246
F069633,246
F069682,246
F069686,246
F069876,246
F069900,246
F069905,246
F069915,246
F069930,246
F069931,246
F069937,246
F070700,246
F069941,246
F072737,245
F069658,245
F067617,245
F071203,244
F070873,244
F071202,244
F071802,244
F071410,244
F071376,244
F071370,244
F071316,244
F071286,244
F070786,244
F070812,244
F071311,244
F067592,244
F071054,244
F071201,244
F071058,244
F071217,244
F071087,244
F071077,244
F071083,244
F071040,244
F071086,244
F072196,243
F072203,242
F072143,242
F072171,242
F072178,242
F072184,242
F072434,242
F072206,242
F072208,242
F072213,242
F072355,242
F072365,242
F071971,242
F072461,242
F072408,242
F072017,242
F072891,242
F072481,242
F071875,242
F066662,242
F072813,242
F072668,242
F072513,242
F071917,242
F071876,242
F068681,242
F072475,242
F066858,242
F072503,242
F072019,241
F073309,240
F072507,240
F073072,240
F073077,240
F073308,240
F074155,240
F074119,240
F073997,240
F073903,240
F073844,240
F073661,240
F073409,240
F073400,240
F073379,240
F073376,240
F073360,240
F073344,240
F073336,240
F073330,240
F073324,240
F073189,240
F073088,240
F072144,240
F064589,240
F072227,239
F074644,239
F074835,238
F074929,238
F070669,238
F074936,238
F074976,238
F074977,238
F074706,238
F075042,238
F075048,238
F075083,238
F075479,238
F075483,238
F074785,238
F075283,238
F074688,238
F074233,238
F074673,238
F074670,238
F074657,238
F074651,238
F074630,238
F074626,238
F074333,238
F074282,238
F074280,238
F074260,238
F074683,238
F074258,238
F071103,238
F072581,237
F074704,237
F075247,237
F075946,236
F075910,236
F097039,236
F074687,236
F068880,236
F076640,236
F075568,236
F075569,236
F075763,236
F075812,236
F075905,236
F075851,236
F075919,236
F075961,236
F076393,236
F076359,236
F076261,236
F076187,236
F075969,236
F085463,236
F075942,236
F075936,236
F074523,235
F077772,234
F078013,234
F077789,234
F077757,234
F077727,234
F077496,234
F077422,234
F077987,234
F077360,234
F076747,234
F077343,234
F077325,234
F077145,234
F077139,234
F077124,234
F077121,234
F077119,234
F077110,234
F077108,234
F077055,234
F076915,234
F075935,234
F076868,234
F077070,234
F076916,234
F080436,234
F076662,233
F063564,233
F074635,233
F079367,232
F079345,232
F078840,232
F078834,232
F078903,232
F078711,232
F078611,232
F078522,232
F078521,232
F078518,232
F078841,232
F078513,232
F079177,232
F078506,232
F079146,232
F078125,232
F077088,232
F078466,232
F078457,232
F078331,232
F078319,232
F078308,232
F078467,232
F078113,232
F078228,232
F078220,232
F078166,232
F078165,232
F078517,231
F075895,231
F079889,231
F077274,230
F080116,230
F080090,230
F080660,230
F080654,230
F080646,230
F080463,230
F080329,230
F080246,230
F080212,230
F080207,230
F080201,230
F080199,230
F079535,230
F091733,230
F079970,230
F079790,230
F079538,230
F079544,230
F079754,230
F079760,230
F079902,230
F079772,230
F079852,230
F075937,230
F079866,230
F082519,229
F083454,229
F079864,229
F080856,228
F080879,228
F080880,228
F081154,228
F080889,228
F080946,228
F080931,228
F081111,228
F081937,228
F081017,228
F081936,228
F081935,228
F081925,228
F081781,228
F081731,228
F081115,228
F081505,228
F081416,228
F067615,228
F081164,228
F081155,228
F081153,228
F080778,228
F081123,228
F080180,228
F080804,228
F075852,227
F061731,227
F083425,226
F083440,226
F075949,226
F083395,226
F082002,226
F083350,226
F083218,226
F083032,226
F082955,226
F082904,226
F082879,226
F082878,226
F082493,226
F082079,226
F082023,226
F082487,226
F082084,226
F082739,226
F082134,226
F082195,226
F082256,226
F082414,226
F082422,226
F082716,226
F082439,226
F082445,226
F082654,226
F082448,226
F082474,226
F082433,226
F090216,225
F079748,225
F064577,225
F083835,224
F083825,224
F083696,224
F083634,224
F083514,224
F083994,224
F083516,224
F084048,224
F084018,224
F084044,224
F083110,224
F086938,224
F084901,224
F084801,224
F084675,224
F084610,224
F084542,224
F084412,224
F084410,224
F081159,224
F084394,224
F084368,224
F084297,224
F086933,224
F084078,224
F084076,224
F083962,224
F084026,224
F083983,224
F084043,224
F084041,224
F086321,223
F083861,223
F085739,222
F085971,222
F085883,222
F085957,222
F086150,222
F086141,222
F086143,222
F085866,222
F086262,222
F086352,222
F085874,222
F085859,222
F085659,222
F084954,222
F085171,222
F085250,222
F085322,222
F085444,222
F085478,222
F085487,222
F085488,222
F085783,222
F085527,222
F085535,222
F085538,222
F085526,222
F085007,222
F082495,222
F085436,221
F086942,220
F086673,220
F087389,220
F087337,220
F087254,220
F085648,220
F087024,220
F087010,220
F086977,220
F086959,220
F087408,220
F087629,220
F086925,220
F086907,220
F086904,220
F086881,220
F086690,220
F086688,220
F086687,220
F086383,220
F086488,220
F086576,220
F086937,220
F086591,220
F087708,220
F087736,220
F087709,220
F087783,220
F087847,220
F087733,220
F087722,220
F086947,219
F075877,219
F081104,219
F089023,218
F088950,218
F088627,218
F088825,218
F088780,218
F088665,218
F088644,218
F088639,218
F088584,218
F088611,218
F088595,218
F088589,218
F088576,218
F088225,218
F088030,218
F089202,218
F089165,218
F089284,218
F089052,218
F089140,218
F082429,218
F089365,218
F089458,218
F089576,218
F099749,218
F083705,217
F089904,217
F090643,216
F090599,216
F090440,216
F090231,216
F090076,216
F090724,216
F090215,216
F090203,216
F090198,216
F090194,216
F091005,216
F090170,216
F090164,216
F091072,216
F090160,216
F090137,216
F090017,216
F090046,216
F090038,216
F089666,216
F089723,216
F089758,216
F089795,216
F089857,216
F089858,216
F089866,216
F089923,216
F089951,216
F089952,216
F089969,216
F089974,216
F089980,216
F089994,216
F090023,216
F090143,216
F089823,216
F088687,216
F091768,216
F090191,216
F088608,215
F075666,215
F082489,215
F091775,214
F099069,214
F091753,214
F091714,214
F091702,214
F091694,214
F091564,214
F091563,214
F091675,214
F091781,214
F091545,214
F091443,214
F091410,214
F091135,214
F091183,214
F091185,214
F091200,214
F091251,214
F091320,214
F091332,214
F091379,214
F091779,214
F091974,214
F091786,214
F091806,214
F092956,214
F092793,214
F092696,214
F092695,214
F092537,214
F092500,214
F092379,214
F092366,214
F092349,214
F092304,214
F092297,214
F092233,214
F092181,214
F092144,214
F092137,214
F084388,214
F092111,214
F092003,214
F091989,214
F091390,214
F091389,214
F087322,213
F099328,213
F093362,213
F094578,212
F093478,212
F093676,212
F093626,212
F093598,212
F093594,212
F093580,212
F093571,212
F093446,212
F093823,212
F095015,212
F093372,212
F093367,212
F093179,212
F093178,212
F093177,212
F093804,212
F093897,212
F093097,212
F093984,212
F094002,212
F094060,212
F094063,212
F094113,212
F094119,212
F086670,212
F094262,212
F094284,212
F094294,212
F094311,212
F094365,212
F094450,212
F095107,212
F093059,212
F096728,210
F094825,210
F095527,210
F096272,210
F096263,210
F096256,210
F096104,210
F096005,210
F095698,210
F095628,210
F094750,210
F094807,210
F095624,210
F095611,210
F095551,210
F095516,210
F096279,210
F095273,210
F095270,210
F095258,210
F095255,210
F095251,210
F095249,210
F095237,210
F094748,210
F095224,210
F095215,210
F095189,210
F095104,210
F094847,210
F094981,210
F097044,210
F095269,210
F100013,209
F093909,209
F093587,209
F100281,209
F096961,208
F097049,208
F098191,208
F098235,208
F098311,208
F098317,208
F097014,208
F097030,208
F097017,208
F098092,208
F097003,208
F096998,208
F101722,208
F096988,208
F098142,208
F097999,208
F098016,208
F098011,208
F097057,208
F097920,208
F097879,208
F097796,208
F097738,208
F097617,208
F097611,208
F097610,208
F097507,208
F097504,208
F097341,208
F097145,208
F097072,208
F096975,208
F102884,208
F096938,208
F096775,208
F096726,208
F096630,208
F096551,208
F096535,208
F096491,208
F096384,208
F096823,208
F100606,207
F099043,206
F099073,206
F099072,206
F099068,206
F099065,206
F098842,206
F099002,206
F098992,206
F098855,206
F098849,206
F099184,206
F098766,206
F099075,206
F099811,206
F099485,206
F099505,206
F099530,206
F099704,206
F098735,206
F099822,206
F099830,206
F099835,206
F099848,206
F099902,206
F099975,206
F100023,206
F100063,206
F094114,206
F098758,206
F098703,206
F098448,206
F098547,206
F098628,206
F098426,206
F098464,206
F100804,206
F098556,206
F098574,206
F098575,206
F098591,206
F099265,205
F098876,205
F094639,205
F101971,204
F101921,204
F100905,204
F100875,204
F100806,204
F100866,204
F100861,204
F100854,204
F102102,204
F101847,204
F100846,204
F100845,204
F100839,204
F100850,204
F101503,204
F103025,204
F101630,204
F101520,204
F101456,204
F101429,204
F101401,204
F101375,204
F101369,204
F101353,204
F101338,204
F101253,204
F101062,204
F100813,204
F101218,204
F100797,204
F104051,204
F100786,204
F100629,204
F100627,204
F100610,204
F100602,204
F100506,204
F100457,204
F100186,204
F100148,204
F100790,204
F102597,203
F104542,203
F103863,202
F103182,202
F102688,202
F102760,202
F102949,202
F102952,202
F102958,202
F102971,202
F102976,202
F102990,202
F102998,202
F103161,202
F103291,202
F103989,202
F103315,202
F103459,202
F103468,202
F103564,202
F103565,202
F102600,202
F103695,202
F103781,202
F103842,202
F103858,202
F103649,202
F103328,202
F102488,202
F102380,202
F102458,202
F103577,202
F090141,202
F102255,202
F101674,202
F102390,202
F102445,202
F102416,202
F102446,202
F102444,202
F104877,201
F104885,200
F105255,200
F104890,200
F104892,200
F104896,200
F104905,200
F104941,200
F105100,200
F105101,200
F105201,200
F105205,200
F105217,200
F105611,200
F105357,200
F105358,200
F105430,200
F105431,200
F105433,200
F104851,200
F105712,200
F105838,200
F106033,200
F106037,200
F106125,200
F106196,200
F104876,200
F104796,200
F104843,200
F104374,200
F100589,200
F102911,200
F090199,200
F104838,200
F104272,200
F104351,200
F104373,200
F106197,200
F104375,200
F104424,200
F104535,200
F104621,200
F104801,200
F104808,200
F104829,200
F103618,199
F105401,199
F102885,199
F104935,199
F103007,193
F099063,192
F104895,191
F085423,187
F104926,178
